Wt,,SPCA,SPCA,SPCA,SPCA,SPCA-LS,SPCA-LS,SPCA-LS,SPCA-LS,PCA,PCA,PCA,PCA
,,2,3,4,5,2,3,4,5,2,3,4,5
Model,,,,,,,,,,,,,
linear model,"ft,xt",0.8002415703514237,0.7376048405321222,0.686940850438518,0.5956698501525473,0.8258687834515622,0.7678113098055234,0.7174094504707088,0.6211601447711115,0.8126966838635324,0.7576698484977966,0.7089729026770133,0.6115224980765237
linear model,"(ft,xt)",0.8582785050482606,0.7951803410994508,0.7505269348511999,0.6597704180906488,0.8758649000634053,0.8140909835790021,0.7695304680245443,0.6746932311239136,0.865665518142238,0.8040772575083404,0.7601447034348668,0.6665056139744772
multi-index model,"ft,xt",0.8002415703514225,0.7376048405321223,0.6869408504385176,0.5956698501525477,0.8242499918751596,0.7635015540577446,0.7134642185713094,0.6081098108452336,0.8086844235162349,0.7448902181945185,0.6893132298825946,0.5946699318935136
multi-index model,"(ft,xt)",0.8559113918587417,0.7888167415300156,0.7482634022692336,0.6558970945928466,0.8758609676294739,0.8064332415137498,0.7578883595588903,0.6736371404861421,0.8633188713816025,0.8002135544332442,0.7517586612247293,0.6573988706452051
